{"cameraMode":{"drawMode":0,"name":"Shaded","section":"Shading Mode"},"sceneLighting":true,"audioPlay":false,"sceneViewState":{"m_AlwaysRefresh":false,"showFog":true,"showSkybox":true,"showFlares":true,"showImageEffects":true,"showParticleSystems":true,"showVisualEffectGraphs":true,"m_FxEnabled":true},"in2DMode":false,"pivot":{"x":35.49652862548828,"y":11.642459869384766,"z":-3.824840784072876},"rotation":{"x":0.05933026224374771,"y":0.7071276903152466,"z":-0.05976000800728798,"w":0.7020604610443115},"size":12.461819648742676,"orthographic":false}